,uplift_auc,qini_auc,uplift_at_30,uplift_auc_delta,qini_auc_delta,uplift_at_30_delta
baseline,0.0159,0.0324,0.0317,0.0,0.0,0.0
uplift_tree_model,0.0204,0.0422,0.0336,0.2830188679245283,0.30246913580246926,0.059936908517350125
r_learner_model,0.0178,0.0369,0.0346,0.11949685534591187,0.138888888888889,0.0914826498422713
r_learner_catboost,0.0243,0.0503,0.0443,0.5283018867924526,0.5524691358024691,0.39747634069400634
r_learner_xgboost,0.0079,0.0168,0.0111,-0.5031446540880503,-0.4814814814814815,-0.6498422712933755
