,treatment,newbie,group_count,target_action,conversion
0,0,0,18834,3400,0.180525
1,0,1,18992,2375,0.125053
2,1,0,9508,1722,0.181111
3,1,1,9651,1347,0.139571
