,treatment,group_count,target_action,conversion,conversion_std,conversion_var
0,0,37826,5775,0.152673,0.359677,0.129367
1,1,19159,3069,0.160186,0.366788,0.134533
