,uplift_auc,qini_auc,uplift_at_30,uplift_auc_delta,qini_auc_delta,uplift_at_30_delta
baseline,0.0159,0.0324,0.0317,0.0,0.0,0.0
uplift_tree_model,0.0204,0.0422,0.0336,0.2830188679245283,0.30246913580246926,0.059936908517350125
r_learner_model,0.0178,0.0369,0.0346,0.11949685534591187,0.138888888888889,0.0914826498422713
